Workbook

Sheet Summary
A1: GPU Server(s) for Metrics Analysis Pipeline: hardware estimate
A2: Key: Blue text = input with formulas
A4: Scope: a language model running on lab hardware, a sign-in and logging gateway, a chat page, AI access from Jupyter, VS Code, and MATLAB, search across team documents, and transcription of test conductor voice notes. Does not include "existing" CPU servers for remaining pipeline.
B6: 20 users | C6: 50 users | D6: 100 users
A7: Lab hardware | B7: =SUMIFS(BOM!I:I,BOM!$B:$B,"Lab") -> 155048 | C7: =SUMIFS(BOM!J:J,BOM!$B:$B,"Lab") -> 191540 | D7: =SUMIFS(BOM!K:K,BOM!$B:$B,"Lab") -> 316831
A8: Staging hardware | B8: =SUMIFS(BOM!I:I,BOM!$B:$B,"Staging") -> 66038 | C8: =SUMIFS(BOM!J:J,BOM!$B:$B,"Staging") -> 66038 | D8: =SUMIFS(BOM!K:K,BOM!$B:$B,"Staging") -> 66038
A9: Hardware subtotal | B9: =SUM(B7:B8) -> 221086 | C9: =SUM(C7:C8) -> 257578 | D9: =SUM(D7:D8) -> 382869
A10: Contingency rate | B10: 0.1 | C10: 0.1 | D10: 0.1
A11: Contingency | B11: =B9*B10 -> 22108.6 | C11: =C9*C10 -> 25757.8 | D11: =D9*D10 -> 38286.9
A12: Total with contingency | B12: =B9+B11 -> 243194.6 | C12: =C9+C11 -> 283335.8 | D12: =D9+D11 -> 421155.9
A14: GPUs in the lab | B14: =BOM!F8 -> 2 | C14: =BOM!G8 -> 4 | D14: =BOM!H8 -> 8
A15: GPU servers in the lab | B15: =BOM!F7 -> 1 | C15: =BOM!G7 -> 1 | D15: =BOM!H7 -> 2
A16: Lab power at maximum draw (W) | B16: =SUMIFS(BOM!M:M,BOM!$B:$B,"Lab") -> 3550 | C16: =SUMIFS(BOM!N:N,BOM!$B:$B,"Lab") -> 4750 | D16: =SUMIFS(BOM!O:O,BOM!$B:$B,"Lab") -> 8300
A17: Staging power at maximum draw (W) | B17: =SUMIFS(BOM!M:M,BOM!$B:$B,"Staging") -> 1500 | C17: =SUMIFS(BOM!N:N,BOM!$B:$B,"Staging") -> 1500 | D17: =SUMIFS(BOM!O:O,BOM!$B:$B,"Staging") -> 1500
A20: All prices were requested & collected during the week of October 19th of 2026. See the Assumptions tab for itemized breakdowns

Sheet BOM
A1: Hardware BOM
B2: Key: Blue text = input with formulas
B3: Quantities are shown for three different user sizes. The estimated prices and power figures are found in the assumptions tab.
A5: ID | B5: Environment | C5: Item | D5: Specification | E5: Unit price | F5: Qty 20 | G5: Qty 50 | H5: Qty 100 | I5: Cost 20 | J5: Cost 50 | K5: Cost 100 | L5: Max W per unit | M5: W 20 | N5: W 50 | O5: W 100 | P5: Notes
A6: Lab
A7: L1 | B7: Lab | C7: GPU server platform | D7: 2U, 4 GPU slots, 2 x AMD EPYC 9115, 384 GB RAM, 5-yr parts warranty | E7: =Assumptions!B23 -> 43792 | F7: 1 | G7: 1 | H7: 2 | I7: =F7*$E7 -> 43792 | J7: =G7*$E7 -> 43792 | K7: =H7*$E7 -> 87584 | L7: =Assumptions!B34 -> 900 | M7: =F7*$L7 -> 900 | N7: =G7*$L7 -> 900 | O7: =H7*$L7 -> 1800 | P7: Second server at 100 users adds capacity and keeps the AI part of the pipeline running if one server fails.
A8: L2 | B8: Lab | C8: GPU | D8: NVIDIA RTX PRO 6000 Blackwell Server Edition, 96 GB | E8: =Assumptions!B22 -> 18246 | F8: 2 | G8: 4 | H8: 8 | I8: =F8*$E8 -> 36492 | J8: =G8*$E8 -> 72984 | K8: =H8*$E8 -> 145968 | L8: =Assumptions!B33 -> 600 | M8: =F8*$L8 -> 1200 | N8: =G8*$L8 -> 2400 | O8: =H8*$L8 -> 4800 | P8: 20 users: one server not at capacity. 50 users: fills one server. 100 users: two full servers.
A9: L3 | B9: Lab | C9: NVMe SSD for model storage | D9: 3.84 TB enterprise NVMe | E9: =Assumptions!B24 -> 2000 | F9: 2 | G9: 2 | H9: 4 | I9: =F9*$E9 -> 4000 | J9: =G9*$E9 -> 4000 | K9: =H9*$E9 -> 8000 | L9: 0 | M9: =F9*$L9 -> 0 | N9: =G9*$L9 -> 0 | O9: =H9*$L9 -> 0 | P9: Two per GPU server for model files and cache.
A10: L4 | B10: Lab | C10: Service node | D10: 1U, 16+ cores, 128 GB RAM, 2 x 1.92 TB NVMe, 2 x 25 GbE | E10: =Assumptions!B27 -> 22083 | F10: 3 | G10: 3 | H10: 3 | I10: =F10*$E10 -> 66249 | J10: =G10*$E10 -> 66249 | K10: =H10*$E10 -> 66249 | L10: =Assumptions!B35 -> 400 | M10: =F10*$L10 -> 1200 | N10: =G10*$L10 -> 1200 | O10: =H10*$L10 -> 1200 | P10: Runs the AI gateway, chat page, sign-in, PostgreSQL, registry, and monitoring. Three nodes exist for redundancy.
A11: L5 | B11: Lab | C11: 25 GbE switch | D11: 48 x 25 GbE, Dell S5248F-ON or equal | E11: =Assumptions!B28 -> 3515 | F11: 1 | G11: 1 | H11: 2 | I11: =F11*$E11 -> 3515 | J11: =G11*$E11 -> 3515 | K11: =H11*$E11 -> 7030 | L11: =Assumptions!B36 -> 250 | M11: =F11*$L11 -> 250 | N11: =G11*$L11 -> 250 | O11: =H11*$L11 -> 500 | P11: Need to check if the lab is at switch capacity. Second switch at 100 users is for redundancy.
A12: L6 | B12: Lab | C12: Cables and optics | D12: Per switch | E12: =Assumptions!B29 -> 1000 | F12: 1 | G12: 1 | H12: 2 | I12: =F12*$E12 -> 1000 | J12: =G12*$E12 -> 1000 | K12: =H12*$E12 -> 2000 | L12: 0 | M12: =F12*$L12 -> 0 | N12: =G12*$L12 -> 0 | O12: =H12*$L12 -> 0
A13: Staging
A14: S1 | B14: Staging | C14: GPU server platform | D14: Same platform as the lab, so drivers and releases are tested on identical hardware | E14: =Assumptions!B23 -> 43792 | F14: 1 | G14: 1 | H14: 1 | I14: =F14*$E14 -> 43792 | J14: =G14*$E14 -> 43792 | K14: =H14*$E14 -> 43792 | L14: =Assumptions!B34 -> 900 | M14: =F14*$L14 -> 900 | N14: =G14*$L14 -> 900 | O14: =H14*$L14 -> 900 | P14: Runs a single-node install to validate software changes before it goes to the lab.
A15: S2 | B15: Staging | C15: GPU | D15: NVIDIA RTX PRO 6000 Blackwell Server Edition, 96 GB | E15: =Assumptions!B22 -> 18246 | F15: 1 | G15: 1 | H15: 1 | I15: =F15*$E15 -> 18246 | J15: =G15*$E15 -> 18246 | K15: =H15*$E15 -> 18246 | L15: =Assumptions!B33 -> 600 | M15: =F15*$L15 -> 600 | N15: =G15*$L15 -> 600 | O15: =H15*$L15 -> 600
A16: S3 | B16: Staging | C16: NVMe SSD for model storage | D16: 3.84 TB enterprise NVMe | E16: =Assumptions!B24 -> 2000 | F16: 2 | G16: 2 | H16: 2 | I16: =F16*$E16 -> 4000 | J16: =G16*$E16 -> 4000 | K16: =H16*$E16 -> 4000 | L16: 0 | M16: =F16*$L16 -> 0 | N16: =G16*$L16 -> 0 | O16: =H16*$L16 -> 0
C17: Hardware total | I17: =SUM(I6:I16) -> 221086 | J17: =SUM(J6:J16) -> 257578 | K17: =SUM(K6:K16) -> 382869 | M17: =SUM(M6:M16) -> 5050 | N17: =SUM(N6:N16) -> 6250 | O17: =SUM(O6:O16) -> 9800
C18: Planned GPUs (lab) | F18: =F8 -> 2 | G18: =G8 -> 4 | H18: =H8 -> 8
C19: Minimum GPUs required | F19: =Assumptions!B12 -> 2 | G19: =Assumptions!C12 -> 3 | H19: =Assumptions!D12 -> 5
B21: Additional Reasearch area under Cables and Optics: Infiniband

Sheet Assumptions
A1: Itemized Breakdown Assumptions
A2: Key: Blue text = input with formulas
A4: 1. Usage and sizing
A5: Item | B5: 20 users | C5: 50 users | D5: 100 users | E5: Basis
A6: Total users | B6: 20 | C6: 50 | D6: 100 | E6: Includes analysts plus engineers and others who will use the service
A7: Share of users sending requests at the same moment (peak) | B7: 0.2 | C7: 0.2 | D7: 0.2 | E7: Planning figure. Revisit after the first months of usage logs from the gateway.
A8: Peak simultaneous requests | B8: =ROUNDUP(B6*B7,0) -> 4 | C8: =ROUNDUP(C6*C7,0) -> 10 | D8: =ROUNDUP(D6*D7,0) -> 20 | E8: Users at peak load
A9: Simultaneous requests one GPU can serve at interactive speed | B9: 6 | C9: 6 | D9: 6 | E9: Conservative figure for a ~120B-parameter model with long inputs (documents, code files). Short chat requests allow more.
A10: GPUs needed for the language model | B10: =ROUNDUP(B8/B9,0) -> 1 | C10: =ROUNDUP(C8/C9,0) -> 2 | D10: =ROUNDUP(D8/D9,0) -> 4 | E10: Peak requests / requests per GPU
A11: GPUs for speech-to-text and document search | B11: 1 | C11: 1 | D11: 1 | E11: One GPU per tier runs Whisper transcription and the embedding model for document search
A12: Minimum GPUs required | B12: =B10+B11 -> 2 | C12: =C10+C11 -> 3 | D12: =D10+D11 -> 5 | E12: Compare with the planned GPUs on the BOM tab. The BOM rounds up to fill servers and. At 100 users (and probably at 50 users), we need to add redudancy so if a server/GPU fails, we can maintain service.
A14: 2. Model used for sizing
A15: Sizing reference: gpt-oss-120b (OpenAI, Apache 2.0 license). About 65 GB at its native 4-bit format, so one copy fits on one 96 GB GPU with room for working memory.
A16: Other open-weight models of similar size fit the same hardware. Model selection, origin, and license are subject to program approval.
A17: Note: Model weights are loaded in safetensors format with published checksums verified. None safetensor formats may contain executables and will increase GPU requirements...
A19: 3. Unit prices
A20: Item | B20: Unit price | E20: Source and date
A21: Reference quote: 2U 4-GPU server, 4 x RTX PRO 6000 Server Edition, 2 x EPYC 9115, 384 GB, 5-yr parts warranty | B21: 116776 | E21: Thinkmate GPX GE95-2206-41 configured price checked Oct 20, 2026, as reported by Five West Financial (fivewestfinancial.com/blog/gpu-server-reseller-financing.html).
A22: NVIDIA RTX PRO 6000 Blackwell Server Edition, 96 GB (per GPU) | B22: 18246 | E22: Per-GPU price in the Thinkmate quote above. CDW had $16,115 (cdw.com, product 8426124).
A23: 2U GPU server platform without GPUs (CPUs, 384 GB RAM, warranty) | B23: =B21-4*B22 -> 43792 | E23: Derived: reference quote minus four GPUs.
A24: Enterprise NVMe SSD, 3.84 TB (model and cache storage) | B24: 2000 | E24: Is within current listings of about $1,450 to $2,600 per drive (datacenterdisk.com, Oct 2026).
A25: 1U service node base (AMD EPYC 9005 platform) - For staging env | B25: 18083 | E25: Thinkmate RAX RE95-1104-01 starting price (thinkmate.com, checked Oct 2026).
A26: Service node upgrade to 16+ cores, 128 GB RAM, 2 x 1.92 TB NVMe | B26: 4000 | E26: Estimate: Could not identify from thinkmate configurator.
A27: Service node, configured | B27: =B25+B26 -> 22083 | E27: base + upgrade
A28: 25 GbE switch, 48 ports, Dell S5248F-ON with OS10 | B28: 3515 | E28: DirectMacro listing for new Dell 210-APFB (directmacro.com, checked Oct 2026).
A29: Cables and optics per switch | B29: 1000 | E29: Estimate
A31: 4. Power planning figures (maximum draw)
A32: Item | B32: Watts | E32: Source
A33: RTX PRO 6000 Server Edition | B33: 600 | E33: NVIDIA maximum, configurable down to 400 W.
A34: 2U GPU server platform (without GPUs) | B34: 900 | E34: Estimate for two CPUs, memory, drives, and fans.
A35: 1U service node | B35: 400 | E35: Estimate.
A36: 25 GbE switch | B36: 250 | E36: Estimate.
A38: 5. Not included in totals
A39: Racks, power distribution, cooling, and any facility work. GPU servers draw about 3.3 kW each at maximum. Need to confirm circuit capacity with lab facilities.
A40: Installation labor, accreditation effort, and contractor support.
A41: Optional paid software support, e.g.., Kubernetes vendor support or NVIDIA AI Enterprise. All required software is open source (go to next tab).
A42: Build environment and transfer media is considered a pre-production environment. To lower technical risks, I recommend standing up a pre-production environment.
A43: Note: Government contract vehicle pricing (GSA, SEWP) may be lower than the commercial prices.
A45: 6. Price validity
A46: Prices were requested & collected during the week of October 19th of 2026. GPU, memory, and SSD prices moved significantly during 2026.

Sheet Software
A1: Software (no license cost assumed)
A3: Component | B3: Purpose | C3: License | D3: Note
A4: RKE2 or the lab's existing Kubernetes | B4: Runs the services | C4: Open source | D4: Paid vendor support optional
A5: Big Bang (Platform One) | B5: Hardened baseline: Harbor, GitLab, Argo CD, Keycloak, monitoring | C5: Open source | D5: Iron Bank images need a Platform One account
A6: NVIDIA GPU Operator and drivers | B6: GPU access for containers | C6: No cost | D6: Images mirrored into Harbor
A7: vLLM | B7: Serves the language model | C7: Apache 2.0
A8: LiteLLM | B8: Gateway: sign-in, logging, usage limits | C8: Open source core | D8: Some enterprise features are licensed separately
A9: Open WebUI | B9: Chat page | C9: Open source | D9: Review license terms on branding
A10: Jupyter AI, Continue | B10: AI in Jupyter and VS Code | C10: Open source | D10: MATLAB calls the gateway API directly
A11: PostgreSQL with pgvector | B11: Gateway logs and document search | C11: Open source
A12: faster-whisper | B12: Voice note transcription | C12: MIT
A13: gpt-oss-120b or approved equivalent | B13: Language model | C13: Apache 2.0 | D13: Model choice subject to program approval
A14: Zarf | B14: Packages releases for the air gap | C14: Apache 2.0
